{
  "analysis_timestamp": "2025-06-20T13:21:44.384312",
  "total_signals_analyzed": 57,
  "backtest_completed": true,
  "statistical_analysis_completed": true,
  "regime_analysis_completed": true,
  "backtest_file": "../backend/data/analysis_results/backtests/feature_05_comprehensive_20250620_132144.csv",
  "train_total_trades": 30,
  "train_win_rate": 0.9333333333333333,
  "train_total_return_pct": 20.07115946692966,
  "train_sharpe_ratio": 21.264061169369924,
  "train_max_drawdown_pct": 2.6172917026518614,
  "test_total_trades": 11,
  "test_win_rate": 0.6363636363636364,
  "test_total_return_pct": 1.6863932418005707,
  "test_sharpe_ratio": 10.202452930214749,
  "test_max_drawdown_pct": 8.024378193193805,
  "statistical_file": "../backend/data/analysis_results/statistical_analysis_20250620_132144.csv",
  "mean_return_pct": 7.709854674121891,
  "return_volatility_pct": 6.614237690222027,
  "normality_test_p_value": 0.5809887058146797,
  "profitability_test_p_value": 4.273777228909433e-09,
  "regime_file": "../backend/data/analysis_results/regime_analysis_20250620_132144.json",
  "current_regime": "current_period"
}